{"count":1,"gauges":{"PenguinLearning.CumulativeReward":{"count":1231,"max":14.42486,"min":-0.99994123,"value":7.743111,"weightedAverage":7.706097}},"self":258.0126208,"total":2084.5465638,"children":{"AgentSendState":{"count":185984,"self":25.7408176,"total":99.4774748,"children":{"CollectObservations":{"count":743403,"self":6.4015759999999995,"total":6.4015762,"children":null},"CollectDiscreteActionMasks":{"count":743403,"self":3.3356573999999997,"total":3.3356573999999997,"children":null},"AgentInfo.ToProto":{"count":743403,"self":10.123024,"total":63.999423699999994,"children":{"GenerateSensorData":{"count":743403,"self":16.370016,"total":53.876399799999994,"children":{"RayPerceptionSensor.Perceive":{"count":743403,"self":37.506384,"total":37.506383899999996,"children":null}}}}}}},"DecideAction":{"count":185984,"self":1715.4671615999998,"total":1715.4671845999999,"children":null},"AgentAct":{"count":185984,"self":11.4368096,"total":11.4618174,"children":{"AgentInfo.ToProto":{"count":220,"self":0.0069815999999999993,"total":0.025008199999999998,"children":{"GenerateSensorData":{"count":220,"self":0.0070072,"total":0.0180266,"children":{"RayPerceptionSensor.Perceive":{"count":220,"self":0.011019399999999999,"total":0.011019399999999999,"children":null}}}}}}},"AgentInfo.ToProto":{"count":1011,"self":0.0269283,"total":0.1264692,"children":{"GenerateSensorData":{"count":1011,"self":0.0279063,"total":0.0995409,"children":{"RayPerceptionSensor.Perceive":{"count":1011,"self":0.071634599999999993,"total":0.071634599999999993,"children":null}}}}}}}